cancer,cancer_label,Full Report,Prognostic Summary by PaRLA,prognostic_summary_minus_full_report
blca,Bladder,0.6124219495598666,0.6305443685779308,0.018122419018064218
brca,Breast,0.6079528611176531,0.6447085876124696,0.03675572649481651
kirckirp,Kidney,0.7537912290086941,0.7539862446881209,0.0001950156794268132
luad,Lung,0.6357890937640895,0.6875169017468232,0.05172780798273369
sarc,Sarcoma,0.5729285873180356,0.6248272411671215,0.051898653849085874
